{"success":true,"terms":"https:\/\/currencylayer.com\/terms","privacy":"https:\/\/currencylayer.com\/privacy","timestamp":1706685603,"source":"USD","quotes":{"USDAED":3.673004,"USDAFN":73.936266,"USDALL":95.881747,"USDAMD":405.87016,"USDANG":1.804048,"USDAOA":832.491543,"USDARS":825.749988,"USDAUD":1.523461,"USDAWG":1.8,"USDAZN":1.673613,"USDBAM":1.805734,"USDBBD":2.021152,"USDBDT":109.860078,"USDBGN":1.806522,"USDBHD":0.376914,"USDBIF":2855.942571,"USDBMD":1,"USDBND":1.341274,"USDBOB":6.91715,"USDBRL":4.950963,"USDBSD":1.001011,"USDBTC":2.3249246e-5,"USDBTN":83.035347,"USDBWP":13.646876,"USDBYN":3.27589,"USDBYR":19600,"USDBZD":2.017736,"USDCAD":1.341805,"USDCDF":2745.999737,"USDCHF":0.86358,"USDCLF":0.0338,"USDCLP":932.650449,"USDCNY":7.100096,"USDCOP":3921.01,"USDCRC":513.329486,"USDCUC":1,"USDCUP":26.5,"USDCVE":101.804534,"USDCZK":22.895303,"USDDJF":178.228334,"USDDKK":6.889515,"USDDOP":58.986728,"USDDZD":134.591369,"USDEGP":30.924994,"USDERN":15,"USDETB":56.648217,"USDEUR":0.92425,"USDFJD":2.24025,"USDFKP":0.788496,"USDGBP":0.78894,"USDGEL":2.679514,"USDGGP":0.788496,"USDGHS":12.359836,"USDGIP":0.788496,"USDGMD":67.406959,"USDGNF":8604.970016,"USDGTQ":7.81734,"USDGYD":209.582635,"USDHKD":7.81745,"USDHNL":24.689671,"USDHRK":6.88032,"USDHTG":131.688649,"USDHUF":357.179606,"USDIDR":15797.7,"USDILS":3.66832,"USDIMP":0.788496,"USDINR":83.039496,"USDIQD":1311.310433,"USDIRR":42037.494061,"USDISK":137.059672,"USDJEP":0.788496,"USDJMD":155.463232,"USDJOD":0.709303,"USDJPY":147.777498,"USDKES":161.501049,"USDKGS":89.319756,"USDKHR":4085.551919,"USDKMF":454.250538,"USDKPW":899.976134,"USDKRW":1333.809931,"USDKWD":0.30768,"USDKYD":0.834168,"USDKZT":449.121284,"USDLAK":20753.933082,"USDLBP":15045.032984,"USDLKR":317.422214,"USDLRD":189.898006,"USDLSL":18.820143,"USDLTL":2.95274,"USDLVL":0.60489,"USDLYD":4.830557,"USDMAD":10.031899,"USDMDL":17.767601,"USDMGA":4544.342423,"USDMKD":56.88989,"USDMMK":2102.104597,"USDMNT":3421.543894,"USDMOP":8.058442,"USDMRU":39.654963,"USDMUR":45.181864,"USDMVR":15.398858,"USDMWK":1685.039515,"USDMXN":17.15823,"USDMYR":4.729499,"USDMZN":63.533153,"USDNAD":18.819642,"USDNGN":896.512517,"USDNIO":36.663451,"USDNOK":10.46987,"USDNPR":132.854472,"USDNZD":1.635335,"USDOMR":0.384957,"USDPAB":1.001011,"USDPEN":3.816954,"USDPGK":3.750364,"USDPHP":56.318972,"USDPKR":279.776107,"USDPLN":4.0244,"USDPYG":7278.216592,"USDQAR":3.640699,"USDRON":4.599501,"USDRSD":108.297971,"USDRUB":89.750198,"USDRWF":1271.050299,"USDSAR":3.749973,"USDSBD":8.418516,"USDSCR":13.410386,"USDSDG":600.999678,"USDSEK":10.425855,"USDSGD":1.340755,"USDSHP":1.26855,"USDSLE":22.842374,"USDSLL":19749.999902,"USDSOS":570.999932,"USDSRD":36.505501,"USDSTD":20697.981008,"USDSYP":13001.529039,"USDSZL":18.893828,"USDTHB":35.437029,"USDTJS":10.915545,"USDTMT":3.5,"USDTND":3.116501,"USDTOP":2.363099,"USDTRY":30.365305,"USDTTD":6.78506,"USDTWD":31.297503,"USDTZS":2547.455966,"USDUAH":37.862534,"USDUGX":3818.651008,"USDUYU":39.045153,"USDUZS":12356.609688,"USDVEF":3612652.330365,"USDVES":36.096651,"USDVND":24435,"USDVUV":119.812584,"USDWST":2.746846,"USDXAF":605.618029,"USDXAG":0.04333,"USDXAU":0.000491,"USDXCD":2.70255,"USDXDR":0.751635,"USDXOF":605.626417,"USDXPF":110.497012,"USDYER":250.349886,"USDZAR":18.811896,"USDZMK":9001.197265,"USDZMW":27.101962,"USDZWL":321.999592}}